id,date,season,home_team_id,away_team_id,home_score,away_score
1,2025-08-15,2025/26,45,77,4,2
2,2025-08-16,2025/26,66,27,0,0
3,2025-08-16,2025/26,85,36,1,1
4,2025-08-16,2025/26,54,21,3,0
5,2025-08-16,2025/26,73,70,3,0
6,2025-08-16,2025/26,51,25,0,4
7,2025-08-17,2025/26,16,15,0,0
8,2025-08-17,2025/26,57,72,3,1
9,2025-08-17,2025/26,89,1,0,1
10,2025-08-18,2025/26,62,86,1,0
11,2025-08-22,2025/26,21,16,1,5
12,2025-08-23,2025/26,25,73,0,2
13,2025-08-23,2025/26,77,51,1,0
14,2025-08-23,2025/26,72,66,1,0
15,2025-08-23,2025/26,70,54,2,0
16,2025-08-23,2025/26,1,62,5,0
17,2025-08-24,2025/26,15,57,1,1
18,2025-08-24,2025/26,86,85,2,0
19,2025-08-24,2025/26,36,89,1,1
20,2025-08-25,2025/26,27,45,2,3
21,2025-08-30,2025/26,16,36,2,0
22,2025-08-30,2025/26,89,70,3,2
23,2025-08-30,2025/26,54,72,2,1
24,2025-08-30,2025/26,73,77,0,1
25,2025-08-30,2025/26,51,86,2,3
26,2025-08-30,2025/26,62,27,0,0
27,2025-08-31,2025/26,85,25,2,1
28,2025-08-31,2025/26,57,21,0,3
29,2025-08-31,2025/26,45,1,1,0
30,2025-08-31,2025/26,66,15,0,3
31,2025-09-13,2025/26,1,57,3,0
32,2025-09-13,2025/26,77,85,2,1
33,2025-09-13,2025/26,15,54,0,0
34,2025-09-13,2025/26,86,66,0,0
35,2025-09-13,2025/26,36,62,1,0
36,2025-09-13,2025/26,27,51,1,0
37,2025-09-13,2025/26,21,73,0,3
38,2025-09-13,2025/26,72,16,2,2
39,2025-09-14,2025/26,70,45,0,1
40,2025-09-14,2025/26,25,89,3,0
41,2025-09-20,2025/26,45,86,2,1
42,2025-09-20,2025/26,85,73,2,2
43,2025-09-20,2025/26,70,57,1,1
44,2025-09-20,2025/26,21,15,1,2
45,2025-09-20,2025/26,51,62,1,3
46,2025-09-20,2025/26,89,16,2,1
47,2025-09-20,2025/26,36,72,3,1
48,2025-09-21,2025/26,77,27,0,0
49,2025-09-21,2025/26,54,66,1,1
50,2025-09-21,2025/26,1,25,1,1
51,2025-09-27,2025/26,72,89,3,1
52,2025-09-27,2025/26,16,85,1,3
53,2025-09-27,2025/26,15,45,2,1
54,2025-09-27,2025/26,62,77,2,2
55,2025-09-27,2025/26,25,70,5,1
56,2025-09-27,2025/26,57,54,0,1
57,2025-09-27,2025/26,73,51,1,1
58,2025-09-28,2025/26,66,36,3,1
59,2025-09-28,2025/26,27,1,1,2
60,2025-09-29,2025/26,86,21,1,1
61,2025-10-03,2025/26,77,36,3,1
62,2025-10-04,2025/26,62,73,1,2
63,2025-10-04,2025/26,1,21,2,0
64,2025-10-04,2025/26,89,54,2,0
65,2025-10-04,2025/26,16,45,2,1
66,2025-10-05,2025/26,66,70,2,1
67,2025-10-05,2025/26,86,15,2,1
68,2025-10-05,2025/26,27,57,2,0
69,2025-10-05,2025/26,51,85,1,1
70,2025-10-05,2025/26,72,25,0,1
71,2025-10-18,2025/26,57,16,0,3
72,2025-10-18,2025/26,85,27,2,1
73,2025-10-18,2025/26,70,62,2,0
74,2025-10-18,2025/26,15,77,3,3
75,2025-10-18,2025/26,25,86,2,0
76,2025-10-18,2025/26,54,51,2,0
77,2025-10-18,2025/26,36,1,0,1
78,2025-10-19,2025/26,73,66,1,2
79,2025-10-19,2025/26,45,89,1,2
80,2025-10-20,2025/26,21,72,0,2
81,2025-10-24,2025/26,62,21,2,1
82,2025-10-25,2025/26,16,54,1,2
83,2025-10-25,2025/26,27,36,2,1
84,2025-10-25,2025/26,89,85,4,2
85,2025-10-25,2025/26,72,45,3,2
86,2025-10-26,2025/26,1,15,1,0
87,2025-10-26,2025/26,66,25,1,0
88,2025-10-26,2025/26,77,57,2,0
89,2025-10-26,2025/26,51,70,2,3
90,2025-10-26,2025/26,86,73,0,3
91,2025-11-01,2025/26,85,62,3,0
92,2025-11-01,2025/26,70,1,0,2
93,2025-11-01,2025/26,15,72,2,0
94,2025-11-01,2025/26,36,51,3,0
95,2025-11-01,2025/26,57,89,2,2
96,2025-11-01,2025/26,73,16,0,1
97,2025-11-01,2025/26,45,66,2,0
98,2025-11-02,2025/26,21,27,3,1
99,2025-11-02,2025/26,25,77,3,1
100,2025-11-03,2025/26,54,86,1,1
101,2025-11-08,2025/26,73,89,2,2
102,2025-11-08,2025/26,86,36,2,0
103,2025-11-08,2025/26,21,70,3,2
104,2025-11-08,2025/26,54,1,2,2
105,2025-11-08,2025/26,16,51,3,0
106,2025-11-09,2025/26,66,77,4,0
107,2025-11-09,2025/26,72,27,3,1
108,2025-11-09,2025/26,15,85,0,0
109,2025-11-09,2025/26,57,62,3,1
110,2025-11-09,2025/26,25,45,3,0
111,2025-11-22,2025/26,70,16,0,2
112,2025-11-22,2025/26,77,21,2,2
113,2025-11-22,2025/26,85,72,2,1
114,2025-11-22,2025/26,36,54,1,0
115,2025-11-22,2025/26,45,57,0,3
116,2025-11-22,2025/26,51,15,0,2
117,2025-11-22,2025/26,27,25,2,1
118,2025-11-23,2025/26,62,66,1,2
119,2025-11-23,2025/26,1,73,4,1
120,2025-11-24,2025/26,89,86,0,1
121,2025-11-29,2025/26,72,70,3,1
122,2025-11-29,2025/26,25,62,3,2
123,2025-11-29,2025/26,54,77,3,2
124,2025-11-29,2025/26,86,27,1,4
125,2025-11-29,2025/26,73,36,1,2
126,2025-11-30,2025/26,15,89,1,2
127,2025-11-30,2025/26,66,51,1,0
128,2025-11-30,2025/26,57,85,0,2
129,2025-11-30,2025/26,21,45,0,2
130,2025-11-30,2025/26,16,1,1,1
131,2025-12-02,2025/26,77,86,0,1
132,2025-12-02,2025/26,36,25,4,5
133,2025-12-02,2025/26,27,73,2,2
134,2025-12-03,2025/26,1,72,2,0
135,2025-12-03,2025/26,85,66,3,4
136,2025-12-03,2025/26,70,15,0,1
137,2025-12-03,2025/26,51,57,0,1
138,2025-12-03,2025/26,62,16,3,1
139,2025-12-03,2025/26,45,54,1,1
140,2025-12-04,2025/26,89,21,1,1
141,2025-12-06,2025/26,66,1,2,1
142,2025-12-06,2025/26,77,16,0,0
143,2025-12-06,2025/26,86,57,3,0
144,2025-12-06,2025/26,25,54,3,0
145,2025-12-06,2025/26,27,70,2,1
146,2025-12-06,2025/26,73,72,2,0
147,2025-12-06,2025/26,62,45,3,3
148,2025-12-07,2025/26,85,21,1,1
149,2025-12-07,2025/26,36,15,1,2
150,2025-12-08,2025/26,51,89,1,4
151,2025-12-13,2025/26,16,86,2,0
152,2025-12-13,2025/26,45,85,2,0
153,2025-12-13,2025/26,70,36,2,3
154,2025-12-13,2025/26,1,51,2,1
155,2025-12-14,2025/26,15,25,0,3
156,2025-12-14,2025/26,57,73,3,0
157,2025-12-14,2025/26,54,27,1,0
158,2025-12-14,2025/26,21,66,2,3
159,2025-12-14,2025/26,72,62,1,1
160,2025-12-15,2025/26,89,77,4,4
161,2025-12-20,2025/26,27,16,2,2
162,2025-12-20,2025/26,77,70,1,1
163,2025-12-20,2025/26,85,54,0,0
164,2025-12-20,2025/26,25,21,3,0
165,2025-12-20,2025/26,51,72,0,2
166,2025-12-20,2025/26,73,45,1,2
167,2025-12-20,2025/26,86,1,0,1
168,2025-12-20,2025/26,62,15,4,1
169,2025-12-21,2025/26,66,89,2,1
170,2025-12-22,2025/26,36,57,1,0
171,2025-12-26,2025/26,89,27,1,0
172,2025-12-27,2025/26,57,25,1,2
173,2025-12-27,2025/26,1,85,2,1
174,2025-12-27,2025/26,72,77,4,1
175,2025-12-27,2025/26,70,86,0,0
176,2025-12-27,2025/26,45,51,2,1
177,2025-12-27,2025/26,21,36,0,1
178,2025-12-27,2025/26,16,66,1,2
179,2025-12-28,2025/26,54,62,1,1
180,2025-12-28,2025/26,15,73,0,1
181,2025-12-30,2025/26,70,27,1,3
182,2025-12-30,2025/26,16,77,2,2
183,2025-12-30,2025/26,57,86,0,2
184,2025-12-30,2025/26,21,85,2,2
185,2025-12-30,2025/26,1,66,4,1
186,2025-12-30,2025/26,89,51,1,1
187,2026-01-01,2025/26,15,36,1,1
188,2026-01-01,2025/26,45,62,0,0
189,2026-01-01,2025/26,72,73,0,0
190,2026-01-01,2025/26,54,25,0,0
191,2026-01-03,2025/26,66,57,3,1
192,2026-01-03,2025/26,85,70,2,0
193,2026-01-03,2025/26,51,21,3,0
194,2026-01-03,2025/26,77,1,2,3
195,2026-01-04,2025/26,62,89,1,1
196,2026-01-04,2025/26,86,72,2,4
197,2026-01-04,2025/26,27,15,2,0
198,2026-01-04,2025/26,73,54,1,1
199,2026-01-04,2025/26,36,45,2,2
200,2026-01-04,2025/26,25,16,1,1
201,2026-01-06,2025/26,21,57,1,2
202,2026-01-07,2025/26,77,73,3,2
203,2026-01-07,2025/26,72,54,3,0
204,2026-01-07,2025/26,15,66,0,0
205,2026-01-07,2025/26,86,51,1,1
206,2026-01-07,2025/26,36,16,2,1
207,2026-01-07,2025/26,25,85,1,1
208,2026-01-07,2025/26,70,89,2,2
209,2026-01-07,2025/26,27,62,4,3
210,2026-01-08,2025/26,1,45,0,0
211,2026-01-17,2025/26,89,25,2,0
212,2026-01-17,2025/26,16,72,2,0
213,2026-01-17,2025/26,62,36,1,0
214,2026-01-17,2025/26,45,70,1,1
215,2026-01-17,2025/26,54,15,2,1
216,2026-01-17,2025/26,73,21,1,2
217,2026-01-17,2025/26,57,1,0,0
218,2026-01-18,2025/26,51,27,0,0
219,2026-01-18,2025/26,66,86,0,1
220,2026-01-19,2025/26,85,77,1,1
221,2026-01-24,2025/26,21,54,3,1
222,2026-01-24,2025/26,70,73,2,2
223,2026-01-24,2025/26,36,85,2,1
224,2026-01-24,2025/26,25,51,2,0
225,2026-01-24,2025/26,77,45,3,2
226,2026-01-25,2025/26,72,57,0,2
227,2026-01-25,2025/26,15,16,1,3
228,2026-01-25,2025/26,27,66,0,2
229,2026-01-25,2025/26,1,89,2,3
230,2026-01-26,2025/26,86,62,1,1
231,2026-01-31,2025/26,85,86,1,1
232,2026-01-31,2025/26,62,1,0,4
233,2026-01-31,2025/26,51,77,0,2
234,2026-01-31,2025/26,16,21,3,2
235,2026-01-31,2025/26,45,27,4,1
236,2026-02-01,2025/26,66,72,0,1
237,2026-02-01,2025/26,89,36,3,2
238,2026-02-01,2025/26,57,15,1,1
239,2026-02-01,2025/26,73,25,2,2
240,2026-02-02,2025/26,54,70,3,0
241,2026-02-06,2025/26,62,57,3,1
242,2026-02-07,2025/26,89,73,2,0
243,2026-02-07,2025/26,1,54,3,0
244,2026-02-07,2025/26,77,66,1,1
245,2026-02-07,2025/26,70,21,0,2
246,2026-02-07,2025/26,36,86,1,2
247,2026-02-07,2025/26,51,16,1,3
248,2026-02-07,2025/26,27,72,2,3
249,2026-02-08,2025/26,85,15,0,1
250,2026-02-08,2025/26,45,25,1,2
251,2026-02-10,2025/26,16,62,2,2
252,2026-02-10,2025/26,86,77,1,2
253,2026-02-10,2025/26,73,27,1,2
254,2026-02-10,2025/26,21,89,1,1
255,2026-02-11,2025/26,66,85,1,0
256,2026-02-11,2025/26,15,70,2,3
257,2026-02-11,2025/26,25,36,3,0
258,2026-02-11,2025/26,57,51,0,0
259,2026-02-11,2025/26,54,45,0,1
260,2026-02-12,2025/26,72,1,1,1
261,2026-02-18,2025/26,51,1,2,2
262,2026-02-21,2025/26,66,62,1,1
263,2026-02-21,2025/26,72,85,0,2
264,2026-02-21,2025/26,16,70,1,1
265,2026-02-21,2025/26,21,77,0,0
266,2026-02-21,2025/26,25,27,2,1
267,2026-02-22,2025/26,15,51,1,0
268,2026-02-22,2025/26,57,45,0,1
269,2026-02-22,2025/26,54,36,1,3
270,2026-02-22,2025/26,73,1,1,4
271,2026-02-23,2025/26,86,89,0,1
272,2026-02-27,2025/26,51,66,2,0
273,2026-02-28,2025/26,77,54,1,1
274,2026-02-28,2025/26,70,72,3,4
275,2026-02-28,2025/26,45,21,5,2
276,2026-02-28,2025/26,27,86,2,3
277,2026-02-28,2025/26,62,25,0,1
278,2026-03-01,2025/26,85,57,2,1
279,2026-03-01,2025/26,36,73,2,1
280,2026-03-01,2025/26,89,15,2,1
281,2026-03-01,2025/26,1,16,2,1
282,2026-03-03,2025/26,77,72,0,0
283,2026-03-03,2025/26,86,70,2,0
284,2026-03-03,2025/26,62,54,0,1
285,2026-03-03,2025/26,51,45,2,1
286,2026-03-04,2025/26,66,16,1,4
287,2026-03-04,2025/26,85,1,0,1
288,2026-03-04,2025/26,36,21,0,1
289,2026-03-04,2025/26,25,57,2,2
290,2026-03-04,2025/26,27,89,2,1
291,2026-03-05,2025/26,73,15,1,3
292,2025-08-15,2025/26,3,4,1,0
293,2025-08-16,2025/26,76,60,0,1
294,2025-08-16,2025/26,95,71,3,1
295,2025-08-16,2025/26,8,63,0,1
296,2025-08-17,2025/26,64,75,3,3
297,2025-08-17,2025/26,56,40,1,0
298,2025-08-17,2025/26,52,80,1,0
299,2025-08-17,2025/26,19,44,0,1
300,2025-08-17,2025/26,91,40,0,1
301,2025-08-22,2025/26,40,56,1,0
302,2025-08-23,2025/26,4,40,5,2
303,2025-08-23,2025/26,8,52,3,1
304,2025-08-23,2025/26,60,19,3,0
305,2025-08-24,2025/26,80,3,4,0
306,2025-08-24,2025/26,71,76,1,2
307,2025-08-24,2025/26,44,91,1,0
308,2025-08-24,2025/26,63,64,2,0
309,2025-08-24,2025/26,75,95,1,0
310,2025-08-29,2025/26,76,64,3,1
311,2025-08-30,2025/26,80,75,1,7
312,2025-08-30,2025/26,91,52,1,0
313,2025-08-30,2025/26,63,40,3,6
314,2025-08-31,2025/26,56,3,1,1
315,2025-08-31,2025/26,71,8,3,1
316,2025-08-31,2025/26,95,44,3,2
317,2025-08-31,2025/26,40,19,3,2
318,2025-08-31,2025/26,60,4,1,0
319,2025-09-12,2025/26,4,80,4,0
320,2025-09-13,2025/26,8,91,1,0
321,2025-09-13,2025/26,52,95,1,2
322,2025-09-14,2025/26,75,63,2,1
323,2025-09-14,2025/26,64,40,1,2
324,2025-09-14,2025/26,19,56,1,1
325,2025-09-14,2025/26,40,76,2,0
326,2025-09-14,2025/26,44,71,1,0
327,2025-09-14,2025/26,3,60,3,1
328,2025-09-19,2025/26,60,56,1,0
329,2025-09-20,2025/26,91,3,2,2
330,2025-09-20,2025/26,64,8,4,1
331,2025-09-20,2025/26,76,75,3,0
332,2025-09-21,2025/26,40,44,2,3
333,2025-09-21,2025/26,52,63,1,0
334,2025-09-21,2025/26,71,80,1,1
335,2025-09-21,2025/26,95,19,5,2
336,2025-09-22,2025/26,4,40,1,0
337,2025-09-26,2025/26,44,4,1,2
338,2025-09-27,2025/26,80,95,3,1
339,2025-09-27,2025/26,63,91,2,2
340,2025-09-27,2025/26,40,52,2,0
341,2025-09-28,2025/26,8,40,1,1
342,2025-09-28,2025/26,56,64,0,2
343,2025-09-28,2025/26,75,60,0,1
344,2025-09-28,2025/26,19,71,0,0
345,2025-09-28,2025/26,3,76,0,0
346,2025-10-03,2025/26,40,80,2,0
347,2025-10-04,2025/26,19,4,0,3
348,2025-10-04,2025/26,64,91,0,0
349,2025-10-04,2025/26,52,76,1,2
350,2025-10-05,2025/26,60,63,1,2
351,2025-10-05,2025/26,71,3,2,2
352,2025-10-05,2025/26,95,8,2,2
353,2025-10-05,2025/26,44,56,5,0
354,2025-10-05,2025/26,75,40,1,1
355,2025-10-17,2025/26,40,44,3,3
356,2025-10-18,2025/26,8,60,3,2
357,2025-10-18,2025/26,56,95,1,1
358,2025-10-18,2025/26,4,71,6,2
359,2025-10-19,2025/26,76,40,2,1
360,2025-10-19,2025/26,80,64,3,3
361,2025-10-19,2025/26,3,52,2,2
362,2025-10-19,2025/26,63,19,4,0
363,2025-10-19,2025/26,91,75,0,2
364,2025-10-24,2025/26,40,91,1,2
365,2025-10-25,2025/26,64,40,0,3
366,2025-10-25,2025/26,95,63,1,0
367,2025-10-25,2025/26,76,4,2,1
368,2025-10-26,2025/26,75,19,6,1
369,2025-10-26,2025/26,56,80,2,0
370,2025-10-26,2025/26,52,71,0,1
371,2025-10-26,2025/26,3,8,1,2
372,2025-10-26,2025/26,60,44,2,1
373,2025-10-29,2025/26,71,64,1,0
374,2025-10-29,2025/26,80,40,1,1
375,2025-10-29,2025/26,19,76,2,0
376,2025-10-29,2025/26,8,75,2,0
377,2025-10-29,2025/26,4,56,2,2
378,2025-10-29,2025/26,91,95,3,5
379,2025-10-29,2025/26,40,60,3,3
380,2025-10-29,2025/26,44,52,3,0
381,2025-10-29,2025/26,63,3,2,2
382,2025-11-01,2025/26,40,8,1,0
383,2025-11-01,2025/26,95,40,0,1
384,2025-11-01,2025/26,52,4,0,1
385,2025-11-02,2025/26,3,44,4,1
386,2025-11-02,2025/26,76,80,3,0
387,2025-11-02,2025/26,75,56,1,0
388,2025-11-02,2025/26,91,19,0,2
389,2025-11-02,2025/26,63,71,0,0
390,2025-11-02,2025/26,64,60,0,0
391,2025-11-07,2025/26,40,3,0,1
392,2025-11-08,2025/26,4,64,3,0
393,2025-11-08,2025/26,71,91,1,1
394,2025-11-08,2025/26,95,76,1,4
395,2025-11-09,2025/26,80,63,1,1
396,2025-11-09,2025/26,56,52,2,0
397,2025-11-09,2025/26,19,8,2,1
398,2025-11-09,2025/26,44,75,2,0
399,2025-11-09,2025/26,60,40,2,3
400,2025-11-21,2025/26,8,4,1,5
401,2025-11-22,2025/26,76,44,1,0
402,2025-11-22,2025/26,3,95,4,1
403,2025-11-22,2025/26,40,71,3,0
404,2025-11-23,2025/26,52,60,0,0
405,2025-11-23,2025/26,64,19,3,2
406,2025-11-23,2025/26,91,80,1,1
407,2025-11-23,2025/26,63,56,0,1
408,2025-11-23,2025/26,75,40,4,2
409,2025-11-28,2025/26,19,3,0,1
410,2025-11-29,2025/26,95,40,1,0
411,2025-11-29,2025/26,40,52,1,1
412,2025-11-29,2025/26,4,63,2,2
413,2025-11-30,2025/26,44,64,1,2
414,2025-11-30,2025/26,56,76,1,2
415,2025-11-30,2025/26,71,75,0,1
416,2025-11-30,2025/26,80,8,3,1
417,2025-11-30,2025/26,60,91,3,0
418,2025-12-05,2025/26,64,95,1,0
419,2025-12-05,2025/26,75,4,1,0
420,2025-12-06,2025/26,91,76,1,2
421,2025-12-06,2025/26,63,44,1,0
422,2025-12-06,2025/26,40,3,5,0
423,2025-12-07,2025/26,8,56,0,1
424,2025-12-07,2025/26,52,19,3,1
425,2025-12-07,2025/26,71,40,0,0
426,2025-12-07,2025/26,80,60,1,0
427,2025-12-12,2025/26,56,91,4,1
428,2025-12-13,2025/26,3,64,3,1
429,2025-12-13,2025/26,19,40,2,3
430,2025-12-13,2025/26,40,63,0,3
431,2025-12-14,2025/26,60,71,1,0
432,2025-12-14,2025/26,52,75,3,4
433,2025-12-14,2025/26,76,8,2,0
434,2025-12-14,2025/26,44,80,0,0
435,2025-12-14,2025/26,4,95,1,0
436,2026-01-02,2025/26,63,76,0,3
437,2026-01-03,2025/26,95,60,1,3
438,2026-01-03,2025/26,8,44,1,1
439,2026-01-03,2025/26,75,3,0,2
440,2026-01-04,2025/26,4,91,0,2
441,2026-01-04,2025/26,64,52,2,0
442,2026-01-04,2025/26,71,56,2,1
443,2026-01-04,2025/26,80,19,1,1
444,2026-01-04,2025/26,40,40,2,1
445,2026-01-16,2025/26,95,80,1,3
446,2026-01-16,2025/26,40,75,3,0
447,2026-01-17,2025/26,76,52,1,0
448,2026-01-17,2025/26,63,8,5,1
449,2026-01-17,2025/26,56,4,2,5
450,2026-01-18,2025/26,44,19,2,1
451,2026-01-18,2025/26,91,40,1,2
452,2026-01-18,2025/26,3,71,1,1
453,2026-01-18,2025/26,60,64,2,1
454,2026-01-23,2025/26,52,40,0,1
455,2026-01-24,2025/26,3,80,0,2
456,2026-01-24,2025/26,71,95,0,0
457,2026-01-24,2025/26,4,76,3,1
458,2026-01-25,2025/26,91,8,1,4
459,2026-01-25,2025/26,64,63,0,2
460,2026-01-25,2025/26,19,60,2,5
461,2026-01-25,2025/26,40,56,0,0
462,2026-01-25,2025/26,75,44,1,4
463,2026-01-30,2025/26,76,71,1,0
464,2026-01-31,2025/26,40,4,2,2
465,2026-01-31,2025/26,80,91,2,1
466,2026-01-31,2025/26,95,3,4,0
467,2026-02-01,2025/26,60,75,1,0
468,2026-02-01,2025/26,56,19,1,0
469,2026-02-01,2025/26,8,64,2,2
470,2026-02-01,2025/26,63,52,0,0
471,2026-02-01,2025/26,44,40,1,2
472,2026-02-06,2025/26,19,75,0,0
473,2026-02-07,2025/26,76,3,3,1
474,2026-02-07,2025/26,64,80,2,0
475,2026-02-07,2025/26,91,60,0,1
476,2026-02-08,2025/26,8,95,0,0
477,2026-02-08,2025/26,56,63,1,0
478,2026-02-08,2025/26,52,40,0,0
479,2026-02-08,2025/26,71,44,2,1
480,2026-02-08,2025/26,40,4,5,0
481,2026-02-13,2025/26,3,40,3,1
482,2026-02-13,2025/26,95,91,3,1
483,2026-02-14,2025/26,4,44,2,2
484,2026-02-14,2025/26,75,64,1,1
485,2026-02-14,2025/26,40,76,0,5
486,2026-02-15,2025/26,71,63,2,1
487,2026-02-15,2025/26,80,56,2,0
488,2026-02-15,2025/26,19,52,1,3
489,2026-02-15,2025/26,60,8,2,0
490,2026-02-20,2025/26,64,4,2,0
491,2026-02-21,2025/26,76,95,2,3
492,2026-02-21,2025/26,63,40,1,1
493,2026-02-21,2025/26,40,19,3,0
494,2026-02-22,2025/26,52,3,0,3
495,2026-02-22,2025/26,56,75,0,1
496,2026-02-22,2025/26,91,71,2,0
497,2026-02-22,2025/26,8,80,3,3
498,2026-02-22,2025/26,44,60,3,1
499,2026-02-27,2025/26,44,76,1,1
500,2026-02-28,2025/26,3,63,1,0
501,2026-02-28,2025/26,95,56,2,0
502,2026-02-28,2025/26,71,40,0,1
503,2026-03-01,2025/26,40,8,1,0
504,2026-03-01,2025/26,75,91,1,0
505,2026-03-01,2025/26,80,52,2,2
506,2026-03-01,2025/26,19,64,0,1
507,2026-03-01,2025/26,4,60,3,2
508,2026-03-06,2025/26,40,95,1,3
509,2026-03-07,2025/26,91,56,0,1
510,2026-03-07,2025/26,52,44,0,0
511,2026-03-07,2025/26,63,4,0,1
512,2026-03-08,2025/26,76,19,3,0
513,2026-03-08,2025/26,64,71,2,0
514,2026-03-08,2025/26,75,80,1,1
515,2026-03-08,2025/26,8,3,0,4
516,2026-03-08,2025/26,60,40,1,1
517,2025-08-15,2025/26,34,48,1,3
518,2025-08-15,2025/26,93,53,2,0
519,2025-08-16,2025/26,69,65,0,3
520,2025-08-16,2025/26,46,55,2,1
521,2025-08-16,2025/26,87,37,1,1
522,2025-08-17,2025/26,29,59,0,2
523,2025-08-17,2025/26,31,24,3,2
524,2025-08-17,2025/26,35,32,2,1
525,2025-08-18,2025/26,74,28,1,1
526,2025-08-19,2025/26,26,17,1,0
527,2025-08-22,2025/26,28,46,1,0
528,2025-08-23,2025/26,69,29,1,1
529,2025-08-23,2025/26,32,74,1,1
530,2025-08-23,2025/26,55,65,2,3
531,2025-08-24,2025/26,17,87,1,0
532,2025-08-24,2025/26,37,35,2,2
533,2025-08-24,2025/26,93,34,5,0
534,2025-08-24,2025/26,53,26,0,3
535,2025-08-25,2025/26,31,48,1,0
536,2025-08-25,2025/26,24,59,1,2
537,2025-08-27,2025/26,29,28,1,1
538,2025-08-29,2025/26,74,55,2,0
539,2025-08-29,2025/26,87,59,3,0
540,2025-08-30,2025/26,46,32,1,1
541,2025-08-30,2025/26,53,37,1,0
542,2025-08-30,2025/26,34,24,0,2
543,2025-08-30,2025/26,26,69,2,1
544,2025-08-31,2025/26,29,93,1,1
545,2025-08-31,2025/26,28,31,1,2
546,2025-08-31,2025/26,35,17,1,0
547,2025-08-31,2025/26,48,65,1,1
548,2025-09-12,2025/26,24,74,2,2
549,2025-09-13,2025/26,59,53,2,0
550,2025-09-13,2025/26,37,26,1,2
551,2025-09-13,2025/26,31,46,0,1
552,2025-09-13,2025/26,32,93,2,0
553,2025-09-14,2025/26,29,34,1,1
554,2025-09-14,2025/26,55,28,2,2
555,2025-09-14,2025/26,17,48,2,0
556,2025-09-14,2025/26,65,87,6,0
557,2025-09-15,2025/26,35,69,3,2
558,2025-09-19,2025/26,28,37,3,1
559,2025-09-20,2025/26,34,55,0,4
560,2025-09-20,2025/26,26,35,2,0
561,2025-09-20,2025/26,46,24,1,2
562,2025-09-20,2025/26,93,17,2,1
563,2025-09-20,2025/26,87,31,2,0
564,2025-09-21,2025/26,48,29,1,1
565,2025-09-21,2025/26,69,32,1,1
566,2025-09-21,2025/26,74,53,1,0
567,2025-09-21,2025/26,65,59,3,0
568,2025-09-23,2025/26,31,34,1,1
569,2025-09-23,2025/26,35,87,2,2
570,2025-09-23,2025/26,55,26,1,4
571,2025-09-23,2025/26,24,93,1,2
572,2025-09-24,2025/26,59,46,1,1
573,2025-09-24,2025/26,32,48,3,2
574,2025-09-24,2025/26,37,69,1,0
575,2025-09-25,2025/26,17,74,1,1
576,2025-09-25,2025/26,53,65,1,3
577,2025-09-26,2025/26,34,35,0,0
578,2025-09-27,2025/26,59,55,1,1
579,2025-09-27,2025/26,32,26,5,2
580,2025-09-27,2025/26,69,46,1,0
581,2025-09-27,2025/26,93,31,1,0
582,2025-09-28,2025/26,48,24,0,1
583,2025-09-28,2025/26,74,29,2,1
584,2025-09-28,2025/26,65,37,2,1
585,2025-09-28,2025/26,28,17,2,0
586,2025-09-30,2025/26,87,53,1,2
587,2025-10-03,2025/26,17,59,2,1
588,2025-10-04,2025/26,53,55,0,2
589,2025-10-04,2025/26,34,87,2,1
590,2025-10-04,2025/26,31,69,2,1
591,2025-10-04,2025/26,26,93,3,1
592,2025-10-05,2025/26,46,74,3,1
593,2025-10-05,2025/26,24,65,4,1
594,2025-10-05,2025/26,35,28,1,2
595,2025-10-05,2025/26,37,48,0,1
596,2025-10-05,2025/26,29,32,1,1
597,2025-10-17,2025/26,53,35,0,2
598,2025-10-18,2025/26,24,69,1,3
599,2025-10-18,2025/26,65,34,2,1
600,2025-10-18,2025/26,93,28,2,2
601,2025-10-18,2025/26,32,17,1,0
602,2025-10-19,2025/26,74,31,0,0
603,2025-10-19,2025/26,29,37,1,1
604,2025-10-19,2025/26,55,48,0,3
605,2025-10-19,2025/26,59,26,0,1
606,2025-10-20,2025/26,46,87,0,0
607,2025-10-24,2025/26,37,24,2,1
608,2025-10-25,2025/26,34,53,3,3
609,2025-10-25,2025/26,35,74,1,0
610,2025-10-25,2025/26,31,59,0,1
611,2025-10-25,2025/26,87,93,0,2
612,2025-10-26,2025/26,69,55,1,1
613,2025-10-26,2025/26,26,65,2,1
614,2025-10-26,2025/26,17,29,2,3
615,2025-10-26,2025/26,48,46,1,0
616,2025-10-27,2025/26,28,32,0,2
617,2025-10-31,2025/26,59,34,2,1
618,2025-11-01,2025/26,93,48,4,0
619,2025-11-01,2025/26,32,24,3,0
620,2025-11-01,2025/26,37,31,3,2
621,2025-11-01,2025/26,26,87,4,0
622,2025-11-02,2025/26,55,29,1,2
623,2025-11-02,2025/26,46,35,2,1
624,2025-11-02,2025/26,65,74,3,1
625,2025-11-02,2025/26,28,69,3,0
626,2025-11-03,2025/26,53,17,0,0
627,2025-11-07,2025/26,74,37,1,1
628,2025-11-08,2025/26,34,46,1,0
629,2025-11-08,2025/26,24,17,1,0
630,2025-11-08,2025/26,32,55,3,1
631,2025-11-08,2025/26,35,93,0,2
632,2025-11-09,2025/26,31,53,1,0
633,2025-11-09,2025/26,48,26,0,0
634,2025-11-09,2025/26,69,59,1,0
635,2025-11-09,2025/26,87,28,1,1
636,2025-11-09,2025/26,29,65,2,4
637,2025-11-21,2025/26,87,55,1,0
638,2025-11-22,2025/26,46,29,0,1
639,2025-11-22,2025/26,65,31,4,0
640,2025-11-22,2025/26,17,37,1,3
641,2025-11-22,2025/26,93,69,2,1
642,2025-11-23,2025/26,53,48,0,0
643,2025-11-23,2025/26,28,34,1,1
644,2025-11-23,2025/26,59,32,0,1
645,2025-11-23,2025/26,74,26,2,2
646,2025-11-24,2025/26,35,24,2,1
647,2025-11-28,2025/26,59,74,1,0
648,2025-11-29,2025/26,69,17,2,2
649,2025-11-29,2025/26,65,46,3,1
650,2025-11-29,2025/26,55,31,0,2
651,2025-11-29,2025/26,32,53,2,0
652,2025-11-30,2025/26,37,93,2,3
653,2025-11-30,2025/26,24,28,0,2
654,2025-11-30,2025/26,29,35,0,1
655,2025-11-30,2025/26,34,26,1,1
656,2025-12-01,2025/26,48,87,1,1
657,2025-12-02,2025/26,65,32,3,1
658,2025-12-03,2025/26,31,26,0,3
659,2025-12-05,2025/26,53,69,0,0
660,2025-12-06,2025/26,93,59,2,0
661,2025-12-06,2025/26,46,37,1,0
662,2025-12-06,2025/26,28,65,3,5
663,2025-12-06,2025/26,31,32,1,0
664,2025-12-07,2025/26,74,34,3,0
665,2025-12-07,2025/26,87,24,1,1
666,2025-12-07,2025/26,35,48,1,0
667,2025-12-07,2025/26,26,29,0,2
668,2025-12-08,2025/26,17,55,2,0
669,2025-12-12,2025/26,37,34,1,2
670,2025-12-13,2025/26,32,87,2,1
671,2025-12-13,2025/26,69,74,3,1
672,2025-12-13,2025/26,65,17,2,0
673,2025-12-13,2025/26,59,35,0,1
674,2025-12-14,2025/26,24,53,4,0
675,2025-12-14,2025/26,29,31,2,0
676,2025-12-14,2025/26,46,26,1,2
677,2025-12-15,2025/26,48,28,0,0
678,2025-12-19,2025/26,87,69,1,1
679,2025-12-20,2025/26,53,29,0,0
680,2025-12-20,2025/26,55,37,1,1
681,2025-12-20,2025/26,17,46,3,0
682,2025-12-20,2025/26,26,24,2,0
683,2025-12-21,2025/26,34,32,0,3
684,2025-12-21,2025/26,93,65,0,2
685,2025-12-21,2025/26,74,48,4,0
686,2025-12-21,2025/26,28,59,4,0
687,2025-12-22,2025/26,31,35,1,2
688,2026-01-02,2025/26,48,59,1,1
689,2026-01-03,2025/26,29,87,4,1
690,2026-01-03,2025/26,17,31,1,1
691,2026-01-03,2025/26,74,93,1,3
692,2026-01-03,2025/26,35,65,0,2
693,2026-01-04,2025/26,24,55,0,3
694,2026-01-04,2025/26,26,28,5,1
695,2026-01-04,2025/26,46,53,1,1
696,2026-01-04,2025/26,69,34,1,2
697,2026-01-04,2025/26,37,32,1,1
698,2026-01-09,2025/26,59,37,1,2
699,2026-01-10,2025/26,53,28,1,1
700,2026-01-10,2025/26,93,46,3,1
701,2026-01-10,2025/26,34,17,1,0
702,2026-01-10,2025/26,87,74,1,1
703,2026-01-11,2025/26,48,69,2,1
704,2026-01-11,2025/26,55,35,1,1
705,2026-01-12,2025/26,24,29,0,1
706,2026-01-16,2025/26,35,34,0,2
707,2026-01-17,2025/26,26,55,2,0
708,2026-01-17,2025/26,69,31,3,2
709,2026-01-17,2025/26,17,53,3,2
710,2026-01-17,2025/26,28,93,2,0
711,2026-01-18,2025/26,59,87,0,1
712,2026-01-18,2025/26,32,46,1,0
713,2026-01-18,2025/26,29,48,3,0
714,2026-01-18,2025/26,37,65,2,1
715,2026-01-19,2025/26,74,24,2,2
716,2026-01-23,2025/26,55,74,3,2
717,2026-01-24,2025/26,48,17,1,3
718,2026-01-24,2025/26,87,35,3,2
719,2026-01-24,2025/26,24,31,2,1
720,2026-01-24,2025/26,93,26,0,2
721,2026-01-25,2025/26,32,69,3,0
722,2026-01-25,2025/26,65,53,3,0
723,2026-01-25,2025/26,37,29,3,1
724,2026-01-25,2025/26,46,28,2,1
725,2026-01-26,2025/26,34,59,1,1
726,2026-01-30,2025/26,35,46,1,2
727,2026-01-31,2025/26,53,34,1,0
728,2026-01-31,2025/26,17,93,2,2
729,2026-01-31,2025/26,55,32,0,0
730,2026-01-31,2025/26,74,65,1,3
731,2026-02-01,2025/26,26,48,2,1
732,2026-02-01,2025/26,28,87,2,1
733,2026-02-01,2025/26,59,29,0,0
734,2026-02-01,2025/26,31,37,1,1
735,2026-02-02,2025/26,69,24,4,1
736,2026-02-06,2025/26,29,17,1,2
737,2026-02-07,2025/26,65,69,3,0
738,2026-02-07,2025/26,37,74,3,1
739,2026-02-08,2025/26,46,59,0,2
740,2026-02-08,2025/26,31,55,4,2
741,2026-02-08,2025/26,24,34,1,1
742,2026-02-08,2025/26,32,28,0,1
743,2026-02-08,2025/26,87,26,0,2
744,2026-02-09,2025/26,93,35,4,1
745,2026-02-13,2025/26,74,17,0,0
746,2026-02-14,2025/26,35,29,2,2
747,2026-02-14,2025/26,59,93,2,1
748,2026-02-14,2025/26,24,46,1,1
749,2026-02-14,2025/26,26,37,4,1
750,2026-02-15,2025/26,53,31,1,2
751,2026-02-15,2025/26,48,32,3,0
752,2026-02-15,2025/26,55,87,0,2
753,2026-02-15,2025/26,69,28,1,2
754,2026-02-16,2025/26,34,65,2,1
755,2026-02-18,2025/26,55,93,0,1
756,2026-02-20,2025/26,31,74,2,1
757,2026-02-21,2025/26,37,53,3,3
758,2026-02-21,2025/26,28,48,1,1
759,2026-02-21,2025/26,17,26,2,1
760,2026-02-21,2025/26,32,35,4,2
761,2026-02-22,2025/26,59,24,0,1
762,2026-02-22,2025/26,65,55,3,0
763,2026-02-22,2025/26,29,69,2,0
764,2026-02-22,2025/26,93,87,2,1
765,2026-02-23,2025/26,46,34,2,2
766,2026-02-27,2025/26,55,46,2,0
767,2026-02-28,2025/26,48,31,1,1
768,2026-02-28,2025/26,65,93,4,1
769,2026-02-28,2025/26,69,37,0,1
770,2026-02-28,2025/26,53,32,0,1
771,2026-03-01,2025/26,74,35,2,2
772,2026-03-01,2025/26,87,17,1,0
773,2026-03-01,2025/26,28,24,2,2
774,2026-03-01,2025/26,34,29,1,2
775,2026-03-02,2025/26,26,59,0,1
776,2026-03-04,2025/26,48,53,3,0
777,2026-03-06,2025/26,29,26,1,2
778,2026-03-07,2025/26,17,69,2,2
779,2026-03-07,2025/26,55,34,1,1
780,2026-03-07,2025/26,32,37,3,2
781,2026-03-07,2025/26,31,65,0,1
782,2026-03-08,2025/26,93,74,2,1
783,2026-03-08,2025/26,59,28,2,0
784,2026-03-08,2025/26,24,48,1,1
785,2026-03-08,2025/26,87,46,3,2
786,2025-08-22,2025/26,78,14,6,0
787,2025-08-23,2025/26,61,12,4,1
788,2025-08-23,2025/26,43,23,1,3
789,2025-08-23,2025/26,83,6,1,3
790,2025-08-23,2025/26,50,58,1,2
791,2025-08-23,2025/26,20,41,2,1
792,2025-08-23,2025/26,9,18,3,3
793,2025-08-24,2025/26,5,7,0,1
794,2025-08-24,2025/26,33,39,0,0
795,2025-08-29,2025/26,39,9,0,2
796,2025-08-30,2025/26,58,61,1,3
797,2025-08-30,2025/26,14,83,2,0
798,2025-08-30,2025/26,41,33,1,0
799,2025-08-30,2025/26,12,50,3,3
800,2025-08-30,2025/26,23,78,2,3
801,2025-08-31,2025/26,6,5,1,1
802,2025-08-31,2025/26,18,20,3,0
803,2025-08-31,2025/26,7,43,4,1
804,2025-09-12,2025/26,50,61,3,1
805,2025-09-13,2025/26,43,41,3,1
806,2025-09-13,2025/26,83,18,0,2
807,2025-09-13,2025/26,5,14,0,1
808,2025-09-13,2025/26,20,58,2,4
809,2025-09-13,2025/26,6,7,3,3
810,2025-09-13,2025/26,78,39,5,0
811,2025-09-14,2025/26,9,23,2,1
812,2025-09-14,2025/26,33,12,0,4
813,2025-09-19,2025/26,41,9,2,0
814,2025-09-20,2025/26,23,5,1,4
815,2025-09-20,2025/26,39,83,2,1
816,2025-09-20,2025/26,58,78,1,4
817,2025-09-20,2025/26,12,43,0,3
818,2025-09-20,2025/26,14,7,3,1
819,2025-09-21,2025/26,61,20,3,4
820,2025-09-21,2025/26,50,33,1,1
821,2025-09-21,2025/26,18,6,1,0
822,2025-09-26,2025/26,78,12,4,0
823,2025-09-27,2025/26,83,23,2,1
824,2025-09-27,2025/26,5,18,0,2
825,2025-09-27,2025/26,9,50,1,2
826,2025-09-27,2025/26,6,14,0,1
827,2025-09-27,2025/26,33,61,4,6
828,2025-09-28,2025/26,43,58,1,1
829,2025-09-28,2025/26,7,41,1,2
830,2025-09-28,2025/26,20,39,0,0
831,2025-10-03,2025/26,58,7,0,1
832,2025-10-04,2025/26,23,6,3,1
833,2025-10-04,2025/26,18,14,1,1
834,2025-10-04,2025/26,50,20,2,0
835,2025-10-04,2025/26,12,9,1,0
836,2025-10-04,2025/26,61,78,0,3
837,2025-10-05,2025/26,41,83,1,0
838,2025-10-05,2025/26,39,5,4,0
839,2025-10-05,2025/26,33,43,0,0
840,2025-10-17,2025/26,20,33,3,1
841,2025-10-18,2025/26,7,23,1,1
842,2025-10-18,2025/26,83,12,2,2
843,2025-10-18,2025/26,5,50,3,4
844,2025-10-18,2025/26,14,39,2,1
845,2025-10-18,2025/26,6,41,0,3
846,2025-10-18,2025/26,78,18,2,1
847,2025-10-19,2025/26,43,61,2,2
848,2025-10-19,2025/26,9,58,0,3
849,2025-10-24,2025/26,12,20,1,0
850,2025-10-25,2025/26,23,14,0,6
851,2025-10-25,2025/26,61,9,2,0
852,2025-10-25,2025/26,39,6,0,1
853,2025-10-25,2025/26,58,83,3,1
854,2025-10-25,2025/26,33,78,0,3
855,2025-10-25,2025/26,18,7,1,0
856,2025-10-26,2025/26,50,43,2,0
857,2025-10-26,2025/26,41,5,2,1
858,2025-10-31,2025/26,23,18,0,1
859,2025-11-01,2025/26,83,61,1,1
860,2025-11-01,2025/26,5,12,1,1
861,2025-11-01,2025/26,14,41,3,1
862,2025-11-01,2025/26,9,33,0,4
863,2025-11-01,2025/26,20,43,0,0
864,2025-11-01,2025/26,78,50,3,0
865,2025-11-02,2025/26,7,39,4,1
866,2025-11-02,2025/26,6,58,2,3
867,2025-11-07,2025/26,12,6,2,1
868,2025-11-08,2025/26,39,18,1,1
869,2025-11-08,2025/26,58,14,3,1
870,2025-11-08,2025/26,50,83,6,0
871,2025-11-08,2025/26,20,78,2,2
872,2025-11-08,2025/26,33,7,3,1
873,2025-11-09,2025/26,43,9,2,1
874,2025-11-09,2025/26,41,23,3,2
875,2025-11-09,2025/26,61,5,1,0
876,2025-11-21,2025/26,5,58,1,1
877,2025-11-22,2025/26,23,39,1,0
878,2025-11-22,2025/26,78,43,6,2
879,2025-11-22,2025/26,18,41,3,3
880,2025-11-22,2025/26,83,33,0,3
881,2025-11-22,2025/26,6,50,1,3
882,2025-11-22,2025/26,7,61,3,4
883,2025-11-23,2025/26,14,12,2,0
884,2025-11-23,2025/26,9,20,0,1
885,2025-11-28,2025/26,33,14,0,0
886,2025-11-29,2025/26,78,9,3,1
887,2025-11-29,2025/26,58,23,3,0
888,2025-11-29,2025/26,20,83,1,2
889,2025-11-29,2025/26,12,7,1,1
890,2025-11-29,2025/26,50,18,1,2
891,2025-11-30,2025/26,39,41,2,1
892,2025-11-30,2025/26,61,6,1,1
893,2025-11-30,2025/26,43,5,4,0
894,2025-12-05,2025/26,5,33,0,1
895,2025-12-06,2025/26,23,50,2,0
896,2025-12-06,2025/26,7,9,1,1
897,2025-12-06,2025/26,83,43,2,1
898,2025-12-06,2025/26,41,78,0,5
899,2025-12-06,2025/26,6,20,3,1
900,2025-12-06,2025/26,14,61,6,0
901,2025-12-07,2025/26,39,12,3,2
902,2025-12-07,2025/26,18,58,2,0
903,2025-12-12,2025/26,20,14,3,1
904,2025-12-13,2025/26,61,23,1,0
905,2025-12-13,2025/26,58,39,4,1
906,2025-12-13,2025/26,33,6,1,3
907,2025-12-13,2025/26,9,83,2,1
908,2025-12-13,2025/26,50,7,2,0
909,2025-12-14,2025/26,43,18,1,1
910,2025-12-14,2025/26,78,5,2,2
911,2025-12-14,2025/26,12,41,0,4
912,2025-12-19,2025/26,18,33,2,0
913,2025-12-20,2025/26,23,12,0,0
914,2025-12-20,2025/26,7,20,0,1
915,2025-12-20,2025/26,39,61,1,1
916,2025-12-20,2025/26,41,58,0,0
917,2025-12-20,2025/26,6,43,3,4
918,2025-12-20,2025/26,14,50,1,3
919,2025-12-21,2025/26,5,9,0,0
920,2025-12-21,2025/26,83,78,0,4
921,2026-01-09,2025/26,61,18,3,3
922,2026-01-10,2025/26,43,39,2,1
923,2026-01-10,2025/26,83,7,2,2
924,2026-01-10,2025/26,20,5,2,2
925,2026-01-10,2025/26,50,41,1,4
926,2026-01-11,2025/26,33,23,4,0
927,2026-01-11,2025/26,78,6,8,1
928,2026-01-13,2025/26,41,61,3,2
929,2026-01-13,2025/26,18,12,3,0
930,2026-01-13,2025/26,5,83,2,1
931,2026-01-14,2025/26,6,9,2,1
932,2026-01-14,2025/26,7,78,1,3
933,2026-01-14,2025/26,58,33,5,1
934,2026-01-14,2025/26,14,43,2,0
935,2026-01-15,2025/26,23,20,1,1
936,2026-01-16,2025/26,12,61,3,3
937,2026-01-17,2025/26,18,9,3,2
938,2026-01-17,2025/26,7,5,2,1
939,2026-01-17,2025/26,39,33,0,0
940,2026-01-17,2025/26,58,50,1,0
941,2026-01-17,2025/26,6,83,1,1
942,2026-01-17,2025/26,14,78,1,5
943,2026-01-18,2025/26,41,20,1,1
944,2026-01-18,2025/26,23,43,2,2
945,2026-01-23,2025/26,9,39,0,0
946,2026-01-24,2025/26,78,23,1,2
947,2026-01-24,2025/26,61,58,1,3
948,2026-01-24,2025/26,83,14,0,3
949,2026-01-24,2025/26,50,12,1,0
950,2026-01-24,2025/26,5,6,3,1
951,2026-01-24,2025/26,20,18,0,3
952,2026-01-25,2025/26,33,41,0,3
953,2026-01-25,2025/26,43,7,2,1
954,2026-01-27,2025/26,9,14,1,1
955,2026-01-27,2025/26,12,58,0,2
956,2026-01-30,2025/26,7,6,1,0
957,2026-01-31,2025/26,23,9,2,1
958,2026-01-31,2025/26,61,50,1,3
959,2026-01-31,2025/26,58,20,3,1
960,2026-01-31,2025/26,14,5,1,2
961,2026-01-31,2025/26,12,33,1,1
962,2026-01-31,2025/26,39,78,2,2
963,2026-02-01,2025/26,41,43,1,0
964,2026-02-01,2025/26,18,83,3,2
965,2026-02-06,2025/26,20,61,1,1
966,2026-02-07,2025/26,43,12,1,0
967,2026-02-07,2025/26,83,39,0,2
968,2026-02-07,2025/26,5,23,2,0
969,2026-02-07,2025/26,9,41,2,1
970,2026-02-07,2025/26,6,18,1,2
971,2026-02-07,2025/26,33,50,1,1
972,2026-02-08,2025/26,7,14,1,2
973,2026-02-08,2025/26,78,58,5,1
974,2026-02-13,2025/26,18,5,4,0
975,2026-02-14,2025/26,61,33,3,0
976,2026-02-14,2025/26,39,20,3,2
977,2026-02-14,2025/26,58,43,3,0
978,2026-02-14,2025/26,50,9,4,0
979,2026-02-14,2025/26,12,78,0,3
980,2026-02-14,2025/26,41,7,3,1
981,2026-02-15,2025/26,23,83,1,0
982,2026-02-15,2025/26,14,6,2,2
983,2026-02-20,2025/26,5,39,1,1
984,2026-02-21,2025/26,78,61,3,2
985,2026-02-21,2025/26,7,58,2,2
986,2026-02-21,2025/26,20,50,1,0
987,2026-02-21,2025/26,6,23,2,3
988,2026-02-21,2025/26,14,18,2,2
989,2026-02-22,2025/26,43,33,2,1
990,2026-02-22,2025/26,9,12,2,1
991,2026-02-22,2025/26,83,41,3,3
992,2026-02-27,2025/26,23,7,2,0
993,2026-02-28,2025/26,58,9,0,1
994,2026-02-28,2025/26,50,5,1,1
995,2026-02-28,2025/26,33,20,1,0
996,2026-02-28,2025/26,12,83,2,0
997,2026-02-28,2025/26,18,78,2,3
998,2026-03-01,2025/26,41,6,4,0
999,2026-03-01,2025/26,61,43,2,0
1000,2026-03-01,2025/26,39,14,1,2
1001,2026-03-04,2025/26,39,50,0,1
1002,2026-03-06,2025/26,78,33,4,1
1003,2026-03-07,2025/26,43,50,3,3
1004,2026-03-07,2025/26,83,58,2,4
1005,2026-03-07,2025/26,5,41,2,2
1006,2026-03-07,2025/26,14,23,2,1
1007,2026-03-07,2025/26,6,39,1,2
1008,2026-03-07,2025/26,7,18,1,2
1009,2026-03-08,2025/26,9,61,0,0
1010,2026-03-08,2025/26,20,12,1,4
1011,2025-08-23,2025/26,68,11,0,0
1012,2025-08-23,2025/26,90,13,0,2
1013,2025-08-23,2025/26,94,47,1,2
1014,2025-08-23,2025/26,42,49,1,0
1015,2025-08-24,2025/26,81,10,1,1
1016,2025-08-24,2025/26,38,88,2,0
1017,2025-08-24,2025/26,67,79,1,1
1018,2025-08-24,2025/26,92,82,2,0
1019,2025-08-25,2025/26,2,30,1,1
1020,2025-08-25,2025/26,84,22,5,0
1021,2025-08-29,2025/26,47,90,3,2
1022,2025-08-29,2025/26,11,94,0,2
1023,2025-08-30,2025/26,49,38,1,0
1024,2025-08-30,2025/26,82,67,1,1
1025,2025-08-30,2025/26,13,81,1,0
1026,2025-08-30,2025/26,79,42,0,1
1027,2025-08-31,2025/26,68,92,0,1
1028,2025-08-31,2025/26,22,10,0,0
1029,2025-08-31,2025/26,84,2,1,2
1030,2025-08-31,2025/26,88,30,4,0
1031,2025-09-13,2025/26,81,82,2,0
1032,2025-09-13,2025/26,92,84,4,3
1033,2025-09-13,2025/26,10,13,1,3
1034,2025-09-14,2025/26,42,22,0,1
1035,2025-09-14,2025/26,67,11,4,1
1036,2025-09-14,2025/26,79,2,0,1
1037,2025-09-14,2025/26,90,88,1,0
1038,2025-09-14,2025/26,94,49,1,0
1039,2025-09-15,2025/26,30,47,0,0
1040,2025-09-15,2025/26,38,68,1,1
1041,2025-09-19,2025/26,11,81,1,2
1042,2025-09-20,2025/26,49,68,2,1
1043,2025-09-20,2025/26,30,92,1,1
1044,2025-09-20,2025/26,2,94,0,3
1045,2025-09-21,2025/26,88,42,0,1
1046,2025-09-21,2025/26,47,82,0,0
1047,2025-09-21,2025/26,22,67,0,3
1048,2025-09-21,2025/26,10,38,1,2
1049,2025-09-21,2025/26,84,90,2,1
1050,2025-09-22,2025/26,13,79,3,2
1051,2025-09-27,2025/26,38,47,1,1
1052,2025-09-27,2025/26,92,67,1,1
1053,2025-09-27,2025/26,81,84,0,2
1054,2025-09-28,2025/26,90,2,3,1
1055,2025-09-28,2025/26,79,10,0,0
1056,2025-09-28,2025/26,42,30,2,0
1057,2025-09-28,2025/26,11,49,2,2
1058,2025-09-28,2025/26,94,13,2,1
1059,2025-09-29,2025/26,82,22,2,1
1060,2025-09-29,2025/26,68,88,0,3
1061,2025-10-03,2025/26,30,90,0,1
1062,2025-10-04,2025/26,88,22,3,3
1063,2025-10-04,2025/26,82,11,0,1
1064,2025-10-04,2025/26,84,47,4,1
1065,2025-10-04,2025/26,67,38,1,1
1066,2025-10-05,2025/26,2,81,1,1
1067,2025-10-05,2025/26,49,79,4,0
1068,2025-10-05,2025/26,10,42,1,2
1069,2025-10-05,2025/26,13,68,2,1
1070,2025-10-05,2025/26,92,94,0,0
1071,2025-10-18,2025/26,11,90,0,0
1072,2025-10-18,2025/26,79,30,0,0
1073,2025-10-18,2025/26,22,13,1,0
1074,2025-10-18,2025/26,42,84,0,1
1075,2025-10-19,2025/26,38,92,2,0
1076,2025-10-19,2025/26,81,49,0,2
1077,2025-10-19,2025/26,68,82,0,0
1078,2025-10-19,2025/26,67,88,0,0
1079,2025-10-19,2025/26,94,10,2,1
1080,2025-10-20,2025/26,47,2,1,1
1081,2025-10-24,2025/26,94,79,2,2
1082,2025-10-25,2025/26,82,38,0,0
1083,2025-10-25,2025/26,2,11,3,2
1084,2025-10-25,2025/26,13,84,3,1
1085,2025-10-25,2025/26,47,67,1,1
1086,2025-10-26,2025/26,22,68,2,1
1087,2025-10-26,2025/26,90,42,0,1
1088,2025-10-26,2025/26,30,81,2,2
1089,2025-10-26,2025/26,10,49,2,2
1090,2025-10-26,2025/26,88,92,1,0
1091,2025-10-28,2025/26,11,13,0,1
1092,2025-10-28,2025/26,67,94,1,1
1093,2025-10-29,2025/26,38,30,3,1
1094,2025-10-29,2025/26,92,2,3,1
1095,2025-10-29,2025/26,42,82,2,1
1096,2025-10-29,2025/26,49,22,0,0
1097,2025-10-29,2025/26,68,47,0,2
1098,2025-10-29,2025/26,84,10,3,0
1099,2025-10-30,2025/26,81,90,1,2
1100,2025-10-30,2025/26,79,88,0,0
1101,2025-11-01,2025/26,2,67,1,0
1102,2025-11-01,2025/26,13,38,0,0
1103,2025-11-01,2025/26,47,92,1,2
1104,2025-11-02,2025/26,30,84,1,2
1105,2025-11-02,2025/26,10,11,0,1
1106,2025-11-02,2025/26,22,79,2,2
1107,2025-11-02,2025/26,82,49,1,3
1108,2025-11-02,2025/26,94,42,1,0
1109,2025-11-03,2025/26,90,68,1,2
1110,2025-11-03,2025/26,88,81,2,0
1111,2025-11-07,2025/26,79,47,1,0
1112,2025-11-08,2025/26,38,81,0,0
1113,2025-11-08,2025/26,11,30,0,0
1114,2025-11-08,2025/26,92,22,0,0
1115,2025-11-08,2025/26,82,94,2,2
1116,2025-11-09,2025/26,67,90,0,3
1117,2025-11-09,2025/26,49,13,2,0
1118,2025-11-09,2025/26,68,10,2,2
1119,2025-11-09,2025/26,42,2,2,0
1120,2025-11-09,2025/26,84,88,2,0
1121,2025-11-22,2025/26,81,68,3,3
1122,2025-11-22,2025/26,2,49,0,3
1123,2025-11-22,2025/26,10,92,1,1
1124,2025-11-22,2025/26,13,67,3,1
1125,2025-11-23,2025/26,30,82,1,2
1126,2025-11-23,2025/26,47,42,1,3
1127,2025-11-23,2025/26,88,11,2,0
1128,2025-11-23,2025/26,84,94,0,1
1129,2025-11-24,2025/26,22,38,1,5
1130,2025-11-24,2025/26,90,79,2,2
1131,2025-11-28,2025/26,38,90,2,0
1132,2025-11-29,2025/26,68,30,2,1
1133,2025-11-29,2025/26,82,2,0,2
1134,2025-11-29,2025/26,92,81,2,1
1135,2025-11-29,2025/26,94,88,1,0
1136,2025-11-30,2025/26,11,22,2,1
1137,2025-11-30,2025/26,79,84,0,2
1138,2025-11-30,2025/26,67,10,2,0
1139,2025-11-30,2025/26,42,13,0,1
1140,2025-12-01,2025/26,49,47,1,3
1141,2025-12-06,2025/26,90,10,3,1
1142,2025-12-06,2025/26,84,38,4,0
1143,2025-12-06,2025/26,30,67,3,1
1144,2025-12-07,2025/26,47,11,2,0
1145,2025-12-07,2025/26,81,42,1,0
1146,2025-12-07,2025/26,88,49,1,1
1147,2025-12-07,2025/26,13,92,2,1
1148,2025-12-08,2025/26,79,82,0,1
1149,2025-12-08,2025/26,2,68,1,2
1150,2025-12-08,2025/26,22,94,2,3
1151,2025-12-12,2025/26,11,79,1,0
1152,2025-12-13,2025/26,22,47,1,0
1153,2025-12-13,2025/26,82,88,0,1
1154,2025-12-13,2025/26,67,81,2,1
1155,2025-12-14,2025/26,94,90,2,2
1156,2025-12-14,2025/26,10,30,1,2
1157,2025-12-14,2025/26,2,13,1,0
1158,2025-12-14,2025/26,68,84,1,2
1159,2025-12-14,2025/26,49,92,0,1
1160,2025-12-15,2025/26,42,38,1,0
1161,2025-12-20,2025/26,88,47,0,0
1162,2025-12-20,2025/26,92,42,2,1
1163,2025-12-21,2025/26,81,79,2,2
1164,2025-12-21,2025/26,90,22,0,1
1165,2025-12-21,2025/26,10,2,5,1
1166,2025-12-21,2025/26,68,67,0,1
1167,2025-12-27,2025/26,82,10,1,0
1168,2025-12-27,2025/26,11,38,0,3
1169,2025-12-27,2025/26,22,81,1,2
1170,2025-12-27,2025/26,2,88,1,1
1171,2025-12-27,2025/26,79,92,0,2
1172,2025-12-28,2025/26,94,30,3,0
1173,2025-12-28,2025/26,47,13,0,2
1174,2025-12-28,2025/26,49,90,1,1
1175,2025-12-28,2025/26,67,84,0,1
1176,2025-12-29,2025/26,42,68,3,1
1177,2026-01-02,2025/26,81,94,0,1
1178,2026-01-03,2025/26,38,2,1,0
1179,2026-01-03,2025/26,68,79,1,1
1180,2026-01-03,2025/26,90,82,1,1
1181,2026-01-03,2025/26,92,11,1,1
1182,2026-01-03,2025/26,67,42,1,0
1183,2026-01-04,2025/26,88,13,0,2
1184,2026-01-04,2025/26,10,47,1,0
1185,2026-01-04,2025/26,30,22,0,3
1186,2026-01-04,2025/26,84,49,3,1
1187,2026-01-06,2025/26,79,38,0,3
1188,2026-01-06,2025/26,11,42,0,2
1189,2026-01-06,2025/26,90,92,0,3
1190,2026-01-07,2025/26,49,67,0,2
1191,2026-01-07,2025/26,13,30,2,2
1192,2026-01-07,2025/26,88,10,2,2
1193,2026-01-07,2025/26,82,84,0,2
1194,2026-01-07,2025/26,22,2,1,2
1195,2026-01-08,2025/26,47,81,2,2
1196,2026-01-08,2025/26,94,68,1,1
1197,2026-01-10,2025/26,38,49,1,1
1198,2026-01-10,2025/26,2,79,2,2
1199,2026-01-10,2025/26,42,90,2,0
1200,2026-01-10,2025/26,67,22,2,0
1201,2026-01-11,2025/26,11,82,1,2
1202,2026-01-11,2025/26,10,94,1,1
1203,2026-01-11,2025/26,30,88,0,1
1204,2026-01-11,2025/26,84,13,2,2
1205,2026-01-12,2025/26,68,81,3,0
1206,2026-01-12,2025/26,92,47,5,0
1207,2026-01-14,2025/26,13,82,0,0
1208,2026-01-14,2025/26,84,11,1,0
1209,2026-01-15,2025/26,30,49,2,3
1210,2026-01-15,2025/26,38,94,1,3
1211,2026-01-16,2025/26,79,67,1,1
1212,2026-01-17,2025/26,2,84,0,1
1213,2026-01-17,2025/26,13,90,1,0
1214,2026-01-17,2025/26,81,92,1,0
1215,2026-01-18,2025/26,82,68,0,0
1216,2026-01-18,2025/26,49,10,1,2
1217,2026-01-18,2025/26,22,42,0,2
1218,2026-01-18,2025/26,94,11,1,0
1219,2026-01-19,2025/26,47,30,0,0
1220,2026-01-19,2025/26,88,38,0,3
1221,2026-01-23,2025/26,84,79,6,2
1222,2026-01-24,2025/26,38,22,6,0
1223,2026-01-24,2025/26,10,81,1,2
1224,2026-01-24,2025/26,11,88,0,0
1225,2026-01-25,2025/26,90,47,1,0
1226,2026-01-25,2025/26,67,82,4,0
1227,2026-01-25,2025/26,68,49,3,2
1228,2026-01-25,2025/26,92,13,3,0
1229,2026-01-25,2025/26,42,94,1,1
1230,2026-01-26,2025/26,30,2,1,3
1231,2026-01-30,2025/26,88,68,3,2
1232,2026-01-31,2025/26,79,90,1,3
1233,2026-01-31,2025/26,13,10,2,1
1234,2026-01-31,2025/26,81,30,4,0
1235,2026-02-01,2025/26,22,11,1,0
1236,2026-02-01,2025/26,38,67,0,0
1237,2026-02-01,2025/26,47,84,0,2
1238,2026-02-01,2025/26,82,92,1,4
1239,2026-02-02,2025/26,2,42,1,0
1240,2026-02-03,2025/26,49,94,0,3
1241,2026-02-06,2025/26,30,79,0,0
1242,2026-02-07,2025/26,68,13,2,3
1243,2026-02-07,2025/26,10,22,2,2
1244,2026-02-08,2025/26,49,82,0,1
1245,2026-02-08,2025/26,11,2,2,1
1246,2026-02-08,2025/26,90,84,0,5
1247,2026-02-08,2025/26,92,88,2,2
1248,2026-02-09,2025/26,67,47,2,1
1249,2026-02-09,2025/26,42,81,2,0
1250,2026-02-13,2025/26,79,94,1,2
1251,2026-02-14,2025/26,38,10,1,2
1252,2026-02-14,2025/26,88,67,0,2
1253,2026-02-14,2025/26,84,92,3,2
1254,2026-02-15,2025/26,2,90,1,2
1255,2026-02-15,2025/26,47,68,0,0
1256,2026-02-15,2025/26,82,30,2,1
1257,2026-02-15,2025/26,22,49,1,2
1258,2026-02-15,2025/26,13,42,2,2
1259,2026-02-16,2025/26,81,11,0,2
1260,2026-02-18,2025/26,94,38,1,1
1261,2026-02-20,2025/26,90,30,3,0
1262,2026-02-21,2025/26,92,38,0,2
1263,2026-02-21,2025/26,11,84,0,2
1264,2026-02-21,2025/26,81,88,0,0
1265,2026-02-22,2025/26,68,22,3,0
1266,2026-02-22,2025/26,67,13,2,1
1267,2026-02-22,2025/26,94,82,0,1
1268,2026-02-22,2025/26,42,47,3,0
1269,2026-02-23,2025/26,10,79,1,0
1270,2026-02-23,2025/26,49,2,1,0
1271,2026-02-27,2025/26,82,81,1,1
1272,2026-02-28,2025/26,38,11,3,1
1273,2026-02-28,2025/26,30,13,1,2
1274,2026-02-28,2025/26,84,68,2,0
1275,2026-03-01,2025/26,47,94,0,2
1276,2026-03-01,2025/26,90,67,2,1
1277,2026-03-01,2025/26,22,88,2,0
1278,2026-03-01,2025/26,42,92,3,3
1279,2026-03-02,2025/26,79,49,0,1
1280,2026-03-02,2025/26,2,10,3,0
1281,2026-03-06,2025/26,13,22,2,1
1282,2026-03-07,2025/26,81,38,1,2
1283,2026-03-07,2025/26,67,2,2,2
1284,2026-03-07,2025/26,92,79,4,0
1285,2026-03-08,2025/26,11,47,2,1
1286,2026-03-08,2025/26,49,30,1,2
1287,2026-03-08,2025/26,10,82,0,0
1288,2026-03-08,2025/26,68,42,2,1
1289,2026-03-08,2025/26,94,84,1,0
